course_code,chunk
ACCT*1240,ACCT*1220
ACCT*1240,ACCT*2220
ACCT*2230,ACCT*1220
ACCT*3230,ACCT*2230
ACCT*3280,ACCT*3330
ACCT*3330,ACCT*1220
ACCT*3330,ACCT*2220
ACCT*3340,ACCT*3330
ACCT*3350,ACCT*3330
ACCT*4020,ACCT*2230
ACCT*4020,MGMT*3020
ACCT*4220,(ACCT*3330 or BUS*3330)
ACCT*4220,(ACCT*3340 or BUS*3340)
ACCT*4230,ACCT*3230
ACCT*4230,BUS*3230
ACCT*4270,ACCT*3280
ACCT*4270,BUS*3280
ACCT*4290,ACCT*3280
ACCT*4290,BUS*4280
ACCT*4350,ACCT*3350
ACCT*4350,BUS*3350
ACCT*6700,ACCT*6100
ACCT*6700,ACCT*6200
AGR*1350,BIOL*1070
AGR*2050,(AGR*1110 or AGR*2150)
AGR*2050,(BIOL*1050 or BIOL*1070)
AGR*2350,BIOL*1070
AGR*2350,BIOL*1080
AGR*2350,BIOL*1090
AGR*2470,BIOL*1050
AGR*2470,BIOL*1070
AGR*4020,AGR*2470
AGR*4020,STAT*2040
AGR*4020,(BIOL*1050 or BIOL*1070)
AGR*4460,AGR*4450
AGR*6010,AGR*6020
AGR*6020,AGR*6010
DAGR*2000,DAGR*1000
DAGR*2020,DAGR*1070
DAGR*2200,DAGR*1200
DAGR*2200,DAGR*1300
DAGR*2210,DAGR*1200
DAGR*3000,DAGR*2000
DAGR*3040,DAGR*2000
DAGR*3070,DAGR*1070
DAGR*3080,DAGR*1070
DAGR*3200,DAGR*1200
DAGR*3200,DAGR*1300
DAGR*3210,DAGR*1200
DAGR*3250,DAGR*1200
DAGR*3260,DAGR*1200
DAGR*3370,DAGR*1000
DAGR*3370,DAGR*2000
ANSC*2210,AGR*2350
ANSC*2210,EQN*1010
ANSC*2340,BIOL*1070
ANSC*2340,BIOL*1080
ANSC*2340,BIOL*1090
ANSC*3040,ANSC*3080
ANSC*3050,AGR*2350
ANSC*3050,ZOO*2090
ANSC*3080,EQN*2040
ANSC*3080,EQN*2050
ANSC*3090,ANSC*1210
ANSC*3090,ANSC*2210
ANSC*3120,NUTR*3210
ANSC*3170,NUTR*3210
ANSC*3180,NUTR*3210
ANSC*3270,ANSC*3080
ANSC*4040,ANSC*3120
ANSC*4040,STAT*2040
ANSC*4050,MBG*2040
ANSC*4050,MBG*2400
ANSC*4090,ANSC*3080
ANSC*4090,ANSC*3090
ANSC*4100,ANSC*3080
ANSC*4230,ANSC*3080
ANSC*4230,ANSC*3120
ANSC*4230,MBG*3060
ANSC*4260,ANSC*3120
ANSC*4270,ANSC*3120
ANSC*4280,ANSC*3120
ANSC*4290,ANSC*3120
ANSC*4470,NUTR*3210
ANSC*4490,ANSC*3080
ANSC*4560,NUTR*3210
ANSC*4650,ANSC*3080
ANSC*4710,ANSC*4700
ANTH*2180,IDEV*1000
ANTH*2180,SOC*1100
ANTH*2230,ANTH*1150
ANTH*2660,IDEV*1000
ANTH*2660,IES*1010
ANTH*2660,SOC*1100
ANTH*3550,SOAN*2120
ANTH*3690,ANTH*2230
ANTH*3690,(ANTH*2160 or ANTH*2180)
ANTH*3690,SOAN*2120
ANTH*3770,ANTH*2230
ANTH*3770,(ANTH*2160 or ANTH*2180)
ANTH*3770,SOAN*2120
ANTH*4910,ANTH*4900
ARAB*1110,ARAB*1100
AVC*6200,AVC*6100
ASCI*2050,ASCI*1120
ASCI*3000,ASCI*2050
ASCI*3100,ASCI*2050
ASCI*3200,ASCI*2050
ASCI*4710,ASCI*4700
AHSS*1010,AHSS*1000
BIOC*2580,CHEM*1050
BIOC*3560,BIOC*2580
BIOC*3570,BIOC*2580
BIOC*3570,(CHEM*2400 or CHEM*2480)
BIOC*4050,BIOC*3560
BIOC*4520,BIOC*3560
BIOC*4520,BIOC*3570
BIOC*4540,BIOC*3570
BIOC*4580,BIOC*3560
BIOC*4580,BIOC*3570
BINF*6999,BINF*6110
BINF*6999,BINF*6210
BIOL*2300,BIOL*1070
BIOL*2400,BIOL*1090
BIOL*2400,(BIOL*1050 or BIOL*1070)
BIOL*3010,BIOL*2060
BIOL*3010,(STAT*2040 or STAT*2230)
BIOL*3020,MBG*2040
BIOL*3040,BIOL*2400
BIOL*3130,BIOL*2060
BIOL*3300,MBG*2040
BIOL*3450,BIOL*2060
BIOL*3450,CHEM*1050
BIOL*3670,BIOL*2060
BIOL*3670,BIOL*2400
BIOL*3670,ZOO*2090
BIOL*3680,BIOL*3670
BIOL*4010,ZOO*3210
BIOL*4010,ZOO*3620
BIOL*4110,BIOL*3010
BIOL*4110,BIOL*3060
BIOL*4110,(STAT*2040 or STAT*2230)
BIOL*4120,BIOL*2060
BIOL*4120,BIOL*2400
BIOL*4150,BIOL*3060
BIOL*4150,BIOL*3130
BIOL*4350,BIOL*3450
BIOL*4610,BIOL*2060
BIOL*4700,BIOL*2060
BIOM*3000,HK*3810
BIOM*3000,HK*3940
BIOM*3000,NEUR*2000
BIOM*3000,PHYS*2030
BIOM*3000,PSYC*2410
BIOM*3000,ZOO*3200
BIOM*3000,ZOO*3600
BIOM*3010,BIOL*1080
BIOM*3010,BIOL*1090
BIOM*3040,"(BIOL*1070, BIOL*1090)"
BIOM*3090,BIOC*2580
BIOM*3200,BIOC*2580
BIOM*4030,BIOC*2580
BIOM*4050,HK*3810
BIOM*4050,HK*3940
BIOM*4070,(MCB*2050 or MCB*2210)
BIOM*4090,BIOM*3090
BIOM*4150,MBG*2040
BIOM*4150,MCB*2050
BIOM*4522,BIOM*4521
BIOT*6610,BIOT*6600
BLCK*2020,BLCK*1000
BLCK*2020,BLCK*2000
BLCK*3000,BLCK*2020
BLCK*3010,BLCK*2020
BOT*2000,BIOL*1050
BOT*2000,BIOL*1070
BOT*2100,BIOL*1070
BOT*2100,BIOL*1080
BOT*2100,BIOL*1090
BOT*3310,BIOL*1090
BOT*3310,(BIOL*1070 or BIOL*1080)
BOT*3410,BIOL*1080
BOT*3410,BIOL*1090
BOT*4380,BIOL*1090
BOT*4380,BIOC*2580
BUS*4560,BUS*4550
BUS*6810,BUS*6800
BADM*2010,BADM*1050
BADM*2010,BADM*1060
BADM*2020,BADM*1040
BADM*2020,MDST*1200
BADM*3030,BADM*1040
BADM*3030,BADM*2020
BADM*3080,BADM*1010
BADM*3080,BADM*1040
BADM*3090,BADM*1010
BADM*3090,BADM*3000
BADM*3120,BADM*2010
BADM*3120,(BADM*1050 or BADM*1060)
BADM*3130,BADM*3120
BADM*3150,BADM*2010
BADM*3150,SCMA*1000
BADM*3160,SCMA*1000
BADM*3160,BADM*3000
BADM*3240,BADM*2020
BADM*3240,BADM*2030
BADM*3270,BADM*3000
CHEM*1040,CHEM*1060
CHEM*1050,CHEM*1040
CHEM*1140,CHEM*1060
CHEM*1150,CHEM*1040
CHEM*1150,CHEM*1140
CHEM*2060,CHEM*1050
CHEM*2070,CHEM*2060
CHEM*2400,CHEM*1050
CHEM*2480,CHEM*1050
CHEM*2700,CHEM*1050
CHEM*2720,CHEM*1050
CHEM*2820,CHEM*1050
CHEM*2880,CHEM*1050
CHEM*3360,CHEM*1050
CHEM*3430,CHEM*2400
CHEM*3430,CHEM*2480
CHEM*3440,CHEM*3430
CHEM*3640,CHEM*2060
CHEM*3650,CHEM*3640
CHEM*3750,CHEM*2700
CHEM*3860,CHEM*2060
CHEM*3860,(MATH*2170 or MATH*2270)
CHEM*4010,CHEM*2700
CHEM*4010,CHEM*2720
CHEM*4020,CHEM*3430
CHEM*4020,CHEM*3750
CHEM*4400,CHEM*3430
CHEM*4620,CHEM*2060
CHEM*4630,BIOC*2580
CHEM*4630,CHEM*3640
CHEM*4720,CHEM*3750
CHEM*4730,CHEM*3750
CHEM*4740,BIOC*2580
CHEM*4740,CHEM*3750
CHEM*4880,CHEM*3860
CHEM*4880,(CHEM*2820 or PHYS*3240)
CHIN*1210,CHIN*1200
CHIN*1290,CHIN*1280
CHIN*2200,CHIN*1210
CHIN*2210,CHIN*2200
CLAS*2350,CLAS*1000
CLAS*2350,CLAS*2000
CLAS*2360,LAT*2000
CLAS*3020,CLAS*2000
CLAS*3020,HIST*2850
CLAS*3030,CLAS*1000
CLAS*3030,CLAS*2000
CLAS*3040,CLAS*1000
CLAS*3040,CLAS*2000
CLAS*3050,GREK*2020
CLAS*3060,LAT*2000
CLAS*3070,GREK*2020
CLAS*3080,GREK*2020
CLAS*3090,GREK*2020
CLAS*3120,LAT*2000
CLAS*3500,CLAS*2000
CLAS*3500,HIST*2850
CLAS*3900,CLAS*2000
CLAS*3900,SXGN*1000
CLAS*4000,CLAS*3030
CLAS*4000,CLAS*3040
CLAS*4010,LAT*2000
CLIN*6440,CLIN*6420
CLIN*6460,CLIN*6420 and CLIN*6440
CSS*1030,AHSS*1190
CSS*1030,CSS*1190
CSS*2040,CSS*2020
CSS*2040,CSS*2070
CSS*2040,FCSS*2000
CSS*2040,FCSS*2020
CSS*2040,FCSS*2070
CSS*2050,CSS*2070
CSS*2050,FCSS*2020
CSS*2050,FCSS*2070
CSS*2060,CSS*2070
CSS*2060,FCSS*2000
CSS*2060,FCSS*2070
CSS*3030,AHSS*2080
CSS*3030,CSS*2050
CSS*3040,(CSS*2060 or FCSS*2060)
CSS*3120,(AHSS*2080 or CSS*2050)
CSS*3120,(CSS*2040 or FCSS*2040)
CSS*3130,CSS*3120
CSS*3130,FCSS*3120
CIS*2030,CIS*1910
CIS*2030,CIS*2500
CIS*2170,CIS*1300
CIS*2170,CIS*1500
CIS*2250,CIS*1250
CIS*2250,CIS*1300
CIS*2430,CIS*2500
CIS*2500,CIS*1300
CIS*2520,(CIS*2500 or ENGG*1420)
CIS*2750,CIS*2520
CIS*2750,(CIS*2430 or ENGG*1420)
CIS*2910,(CIS*1300 or ENGG*1410)
CIS*2910,(CIS*1910 or ENGG*1500)
CIS*3050,CIS*3110
CIS*3090,(CIS*2030 or ENGG*3640)
CIS*3090,CIS*3110
CIS*3110,CIS*2520
CIS*3110,(CIS*2030 or ENGG*2410)
CIS*3120,CIS*1910
CIS*3120,CIS*2500
CIS*3130,CIS*2500
CIS*3130,STAT*2040
CIS*3150,CIS*2750
CIS*3150,CIS*3490
CIS*3210,CIS*3110
CIS*3250,CIS*2250
CIS*3250,CIS*2500
CIS*3260,CIS*2750
CIS*3260,CIS*3250
CIS*3260,CIS*3760
CIS*3490,CIS*2520
CIS*3530,CIS*2520
CIS*3700,(CIS*3750 or CIS*3760)
CIS*3700,(CIS*2460 or STAT*2040)
CIS*3760,CIS*2750
CIS*3760,CIS*3750
CIS*4010,CIS*3110
COOP*1000,COOP*1100
COOP*1010,COOP*1110
CREA*2000,CREA*1000
CREA*2000,CREA*1010
CREA*2010,CREA*1000
CREA*2010,CREA*1010
CREA*3000,CREA*2010
CREA*3010,CREA*3000
CREA*4000,CREA*3010
CREA*4010,CREA*4000
CRWR*2100,CRWR*1000
CRWR*2100,ENGL*2920
CRWR*2150,CRWR*1000
CRWR*2150,ENGL*2920
CRWR*2200,CRWR*1000
CRWR*2200,ENGL*2920
CRWR*2300,CRWR*1000
CRWR*2300,ENGL*2920
CRWR*2400,CRWR*1000
CRWR*2400,ENGL*2920
CRWR*3100,CRWR*2150
CRWR*3100,"(ENGL*1080, ENGL*2920)"
CRWR*3200,CRWR*2200
CRWR*3200,"(ENGL*1080, ENGL*2920)"
CRWR*3300,CRWR*2300
CRWR*3400,CRWR*2400
CRWR*3500,CRWR*2400
CRWR*3500,THST*2120
CRWR*4100,CRWR*3100
CRWR*4300,CRWR*3300
CRWR*4400,CRWR*3400
CRWR*4400,CRWR*3500
IMPR*6510,IMPR*6500
CROP*3300,AGR*2050
CROP*3300,AGR*2470
CROP*3310,AGR*2050
CROP*3310,AGR*2470
CROP*3340,AGR*2320
CROP*3340,AGR*2470
CROP*3340,ENVS*2060
CROP*4240,AGR*2470
CTS*3000,CTS*1000
CTS*3000,(CTS*2000 or CTS*2010)
CTS*3010,CTS*1000
CTS*3010,(CTS*2000 or CTS*2010)
CTS*3030,CTS*2000
CTS*3030,CTS*2010
CTS*4010,CTS*2000
CTS*4010,CTS*2010
DATA*6600,DATA*6200 and DATA*6300
ECS*1030,ECS*1000
ECS*1070,ECS*1010
ECS*1080,ECS*1000
ECS*2000,ECS*1010
ECS*2000,(AHSS*2040 or ECS*1050)
ECS*2010,ECS*1010
ECS*2010,ECS*1030
ECS*2010,(AHSS*2040 or ECS*1050)
ECS*2030,AHSS*2040
ECS*2030,ECS*1050
ECS*2040,ECS*1030
ECS*2040,ECS*2050
ECS*2040,(AHSS*2040 or ECS*1050)
ECS*2050,ECS*1010
ECS*2050,ECS*1070
ECS*2050,(AHSS*2040 or ECS*1050)
ECS*2060,ECS*2050
ECS*2070,ECS*1070
ECS*2070,ECS*2020
ECS*2100,ECS*1010
ECS*2100,(AHSS*2040 or ECS*1050)
ECS*3020,ECS*2040
ECS*3030,ECS*2040
ECS*3060,ECS*3030
ECS*3090,ECS*2000
ECS*3090,ECS*2100
ECS*3100,ECS*2070
ECS*3100,ECS*3010
ECON*2100,ECON*1050
ECON*2100,FARE*1040
ECON*2310,(ECON*1050 or FARE*1040)
ECON*2410,ECON*1100
ECON*2740,ECON*1100
ECON*2770,ECON*1100
ECON*3100,ECON*2310
ECON*3100,ECON*2410
ECON*3100,(ECON*2770 or MATH*1210)
ECON*3300,ECON*2310
ECON*3400,ECON*2310
ECON*3400,ECON*2200
ECON*3500,ECON*2310
ECON*3520,ECON*2310
ECON*3530,ECON*2310
ECON*3530,(ECON*2770 or MATH*1210)
ECON*3580,ECON*2310
ECON*3610,ECON*2310
ECON*3620,ECON*2310
ECON*3740,ECON*1100
ECON*3740,(ECON*1050 or FARE*1040)
ECON*3740,(ECON*2770 or MATH*1210)
ECON*3810,ECON*2410
ECON*3810,(ECON*2740 or STAT*2040)
ECON*3810,(ECON*2770 or MATH*1210)
ECON*3900,ECON*2310
ECON*3900,ECON*2410
ECON*3900,ECON*2740
ECON*3900,ECON*2770
ECON*4500,ECON*3740
ECON*4500,(ECON*3710 or ECON*3500)
ECON*4640,ECON*3740
ECON*4700,ECON*3710
ECON*4700,ECON*3740
ECON*4710,ECON*3710
ECON*4750,ECON*3710
ENGG*1210,MATH*1200
ENGG*1210,PHYS*1130
ENGG*1420,ENGG*1410
ENGG*2010,CHEM*1040
ENGG*2010,(MATH*1090 or MATH*1210)
ENGG*2120,PHYS*1130
ENGG*2120,(CHEM*1040 or CHEM*1140)
ENGG*2180,ENGG*2160
ENGG*2230,ENGG*1210
ENGG*2230,MATH*1210
ENGG*2340,ENGG*1210
ENGG*2400,ENGG*1210
ENGG*2400,ENGG*1500
ENGG*2400,MATH*1200
ENGG*2400,MATH*1210
ENGG*2400,PHYS*1010
ENGG*2410,PHYS*1130
ENGG*2450,PHYS*1010
ENGG*2560,CHEM*1050
ENGG*2560,MATH*2270
ENGG*2910,ENGG*1410
ENGG*2910,ENGG*1500
ENGG*2910,MATH*1210
ENGG*3010,BIOC*2580
ENGG*3010,CHEM*1050
ENGG*3010,ENGG*2010
ENGG*3020,ENGG*2010
ENGG*3040,ENGG*2340
ENGG*3040,ENGG*2450
ENGG*3040,ENGG*3410
ENGG*3050,ENGG*2410
ENGG*3050,ENGG*3380
ENGG*3060,ENGG*2120
ENGG*3060,ENGG*2160
ENGG*3060,ENGG*2340
ENGG*3060,ENGG*2450
ENGG*3070,ENGG*2120
ENGG*3080,ENGG*3260
ENGG*3090,ENGG*1410
ENGG*3090,ENGG*2450
ENGL*2080,ENGL*1080
ENGL*2120,ENGL*1080
ENGL*2130,ENGL*1080
ENGL*3000,ENGL*1080
ENVM*4500,ENVS*2230
DENM*2020,DENM*1120
DENM*3150,DEQN*2040
DENM*3150,DHRT*2230
DENM*3150,DHRT*3230
DENM*3200,DENM*2150
DENM*3200,DENM*3100
DENM*3210,DENM*2150
DENM*3210,DENM*3100
DENM*3230,DHRT*2160
DENM*3230,(DENM*3200 or DENM*3210)
DENM*3400,DENM*2000
DENM*4080,DENM*3200
DENM*4120,DENM*3120
ENVS*2030,MATH*1080
ENVS*2030,MATH*1200
ENVS*2030,PHYS*1070
ENVS*2030,PHYS*1080
ENVS*2030,PHYS*1130
ENVS*2030,PHYS*1300
ENVS*2040,BIOL*1040
ENVS*2080,BIOL*1070
ENVS*2080,BIOL*1090
ENVS*2090,BIOL*1070
ENVS*2090,BIOL*1090
ENVS*2090,CHEM*1050
ENVS*2090,MATH*1080
ENVS*2230,ENVM*1200
ENVS*2230,ENVS*1030
ENVS*2240,ENVS*1040
ENVS*2240,GEOG*1300
ENVS*2250,ENVS*1060
ENVS*2250,GEOL*1050
ENVS*2250,GEOL*1100
ENVS*2250,GEOG*1300
ENVS*2250,GEOG*1350
ENVS*2310,BIOL*1070
ENVS*2310,CHEM*1040
ENVS*2330,BIOL*1070
ENVS*2330,ENVM*1000
ENVS*2330,ENVM*1200
ENVS*2330,ENVS*1030
ENVS*3000,BIOL*2060
ENVS*3010,BIOL*2060
ENVS*3020,CHEM*1040
ENVS*3040,BIOL*1040
ENVS*3050,ENVS*2030
ENVS*3060,AGR*2320
ENVS*3060,ENVS*2060
ENVS*3080,ENVS*2060
ENVS*3080,SOIL*2010
ENVS*3090,BIOL*1040
ENVS*3140,HORT*2450
EQN*2080,EQN*1010
EQN*2200,EQN*1010
EQN*2500,EQN*2150
EQN*3020,EQN*3250
EQN*3020,NUTR*3210
EQN*3070,EQN*1010
EQN*3100,ACCT*2230
EQN*3100,EQN*2050
EQN*3100,EQN*3070
EQN*3100,CROP*3340
EQN*3250,ANSC*3080
DEQN*2030,DEQN*1020
DEQN*2150,DEQN*1150
DEQN*3050,DEQN*2040
DEQN*3210,DEQN*1020
DEQN*4190,DEQN*3150
FCSS*2040,(FCSS*2000 or FCSS*2070)
FCSS*2040,FCSS*2020
FRHD*2040,FRHD*2270
FRHD*2040,PSYC*2450
FRHD*2060,FRHD*1010
FRHD*2060,FRHD*1100
FRHD*2060,PSYC*1000
FRHD*2060,PSYC*1100
FRHD*2060,PSYC*1200
FRHD*2060,SOC*1100
FRHD*2270,FRHD*1010
FRHD*2270,FRHD*1100
FRHD*2270,PSYC*1000
FRHD*2270,PSYC*1100
FRHD*2270,PSYC*1200
FRHD*2270,SOC*1100
FRHD*2280,FRHD*1010
FRHD*2280,FRHD*1100
FRHD*2280,PSYC*1000
FRHD*2280,SOC*1100
FRHD*3180,FRHD*2300
FRHD*3180,FRHD*2400
FRHD*3200,FRHD*2040
FRHD*3290,FRHD*2350
FRHD*3290,FRHD*2400
FRHD*3500,FRHD*3070
FRHD*3500,STAT*2090
FRHD*4210,FRHD*3200
FRHD*4290,FRHD*3290
FRAN*6440,FRAN*6000
FRAN*6440,FRAN*6010
FRAN*6730,FRAN*6720
FRAN*6810,FRAN*6800
FRAN*6820,FRAN*6810
FRAN*6830,FRAN*6820
FRAN*6840,FRAN*6830
FIN*2000,ECON*1050
FIN*3000,ECON*2310
FIN*3000,(ECON*2560 or FIN*2000)
FIN*3100,ECON*2560
FIN*3100,FIN*2000
FIN*3200,ECON*2310
FIN*3200,(ECON*2560 or FIN*2000)
FIN*3300,ECON*2310
FIN*3300,ECON*2410
FIN*3300,(ECON*2560 or FIN*2000)
FIN*3400,ECON*2410
FIN*3400,(ECON*2560 or FIN*2000)
FIN*3500,ECON*2410
FIN*3500,(ECON*2560 or FIN*2000)
FIN*3900,ECON*2310
FIN*3900,ECON*2410
FIN*3900,ECON*2770
FIN*3900,FIN*2000
FIN*4000,ECON*3710
FIN*4000,ECON*3740
FIN*4100,ECON*3740
FIN*4200,FIN*3100
FIN*4200,(ECON*3660 or FIN*3000)
FIN*4200,(ECON*3760 or FIN*3200)
FIN*4900,ECON*3740
FIN*4900,FIN*3100
FIN*4900,(ECON*3660 or FIN*3000)
FIN*6200,ECON*6140
FINA*6515,FINA*6510
FINA*6531,FINA*6530
FINA*6545,FINA*6540
FINA*6610,FINA*6515
FINA*6615,FINA*6610
FINA*6640,FINA*6545
FINA*6641,FINA*6640
FOOD*2150,BIOL*1080
FOOD*2150,CHEM*1040
FOOD*2400,CHEM*1040
FOOD*2410,CHEM*1040
FOOD*2420,BIOL*1070
FOOD*2420,MICR*2420
FOOD*2620,(BIOC*2580 or CHEM*2880)
FOOD*3030,BIOC*2580
FOOD*3040,FOOD*3030
FOOD*3050,BIOC*2580
FOOD*3060,FOOD*3030
FOOD*3060,FOOD*3050
FOOD*3090,AGR*1110
FOOD*3140,ENGG*2660
FOOD*3140,"(FOOD*2620, MICR*2420)"
FOOD*3160,ENGG*2660
FOOD*3160,"(FOOD*2620, MICR*2420)"
FOOD*3170,FOOD*3140
FOOD*3170,FOOD*3160
FOOD*3230,MICR*2420
FOOD*3240,MICR*2420
FOOD*3260,MICR*2420
FOOD*3270,MICR*2420
FOOD*3430,FOOD*2400
FOOD*3700,(FOOD*2150 or HTM*2700)
FOOD*4020,FARE*3310
FOOD*4020,FOOD*3170
FOOD*4090,NUTR*3210
FOOD*4110,FOOD*3090
FOOD*4110,FOOD*3140
FOOD*4110,FOOD*3160
FOOD*4190,CHEM*2480
FOOD*4190,FOOD*3030
FOOD*4190,FOOD*3050
FOOD*4230,FOOD*4220
FOOD*4260,FOOD*2100
FOOD*4260,FOOD*3700
FOOD*4260,(FOOD*3030 or FOOD*3050)
FOOD*4260,(FOOD*3140 or FOOD*3160)
FOOD*4260,(FOOD*3230 or FOOD*3240)
FOOD*4270,FOOD*4260
FARE*2410,FARE*1040
FARE*2410,FARE*1400
FARE*2700,FARE*1040
FARE*2700,FARE*1400
FARE*3030,ECON*2310
FARE*3030,ECON*2770
FARE*3030,ECON*3740
FARE*3170,ECON*2310
FARE*3170,ECON*2650
FARE*3170,FARE*2700
FARE*3250,FARE*1040
FARE*3250,FARE*1300
FARE*3250,IDEV*2200
FARE*3310,(ACCT*1220 or ACCT*2220)
FARE*3320,FARE*3310
FARE*4220,BUS*3320
FARE*4220,ECON*2770
FARE*4220,MGMT*3320
FARE*4330,FARE*3310
FARE*4360,PSYC*1010
FARE*4360,STAT*2040
FARE*4360,STAT*2050
FARE*4360,STAT*2060
FARE*4360,STAT*2080
FARE*4380,FARE*3310
FARE*4380,FARE*4370
FARE*4500,ECON*2770
FREN*2020,FREN*1300
FREN*2020,FREN*2030
FREN*2060,FREN*1300
FREN*2060,FREN*2030
FREN*2500,FREN*1300
FREN*2500,FREN*2030
FREN*2520,FREN*1300
FREN*2520,FREN*2030
FREN*2550,FREN*1300
FREN*3030,FREN*2020
FREN*3030,FREN*2060
FREN*3030,FREN*2520
FREN*3090,FREN*2020
FREN*3090,FREN*2060
FREN*3090,FREN*2520
FREN*3110,FREN*2020
FREN*3110,FREN*2060
FREN*3110,FREN*2520
FREN*3130,FREN*2020
FREN*3130,FREN*2060
FREN*3130,FREN*2520
FREN*3140,FREN*2020
FREN*3140,FREN*2060
FREN*3140,FREN*2520
FREN*3160,FREN*2020
FREN*3160,FREN*2060
FREN*3160,FREN*2520
FREN*3170,FREN*2020
FREN*3170,FREN*2060
FREN*3170,FREN*2520
FREN*3260,FREN*2020
FREN*3260,FREN*2060
FREN*3260,FREN*2520
FREN*3500,FREN*2500
FREN*3520,FREN*2020
FREN*3520,FREN*2060
FREN*3520,FREN*2520
FREN*4770,FREN*4740
GEOG*2000,ENVS*1050
GEOG*2000,ENVS*1060
GEOG*2000,GEOG*1300
GEOG*2000,GEOG*1350
GEOG*2000,GEOL*1050
GEOG*2000,GEOL*1100
GEOG*2110,GEOG*1300
GEOG*2110,GEOG*1350
GEOG*2230,GEOG*1200
GEOG*2230,GEOG*1220
GEOG*2260,IDEV*1000
GEOG*2260,"(ANTH*1150, GEOG*1220)"
GEOG*3000,GEOG*2000
GEOG*3030,GEOG*2030
GEOG*3210,GEOG*2210
GEOG*3210,SOC*2280
GEOG*3430,GEOG*2420
GEOG*3430,GEOG*2480
GEOG*3440,GEOG*2480
GEOG*4110,GEOG*3110
GEOG*4110,GEOG*3610
GERM*1110,GERM*1100
GERM*2010,GERM*2490
GERM*2490,GERM*1110
GREK*1110,GREK*1100
GREK*2020,GREK*1110
HORT*2450,BIOL*1040
HORT*3050,HORT*2450
HORT*3150,AGR*2470
HORT*3150,BOT*2100
HORT*3270,BIOL*1070
HORT*3270,BIOL*1080
HORT*3270,BIOL*1090
HORT*3280,AGR*2470
HORT*3280,BOT*2100
HORT*3310,BIOC*2580
HORT*3430,AGR*2470
HORT*3430,BOT*2100
HORT*3510,AGR*2470
HORT*3510,BOT*2100
HORT*4300,AGR*2470
HORT*4380,BOT*2100
HORT*4380,"(AGR*2050, AGR*2150)"
HORT*4420,AGR*2470
HORT*4420,BOT*2100
HORT*4450,AGR*2050
HORT*4450,AGR*2470
DHRT*2000,DHRT*2230
DHRT*2090,DHRT*2250
DHRT*2100,DHRT*1050
DHRT*2200,DAGR*1200
DHRT*3050,DHRT*1050
DHRT*3120,DHRT*2090
DHRT*3150,DHRT*2200
DHRT*3180,DHRT*2000
DHRT*3300,DHRT*2200
DHRT*3300,DHRT*4290
DHRT*4000,DAGR*1200
DHRT*4000,DHRT*1050
DHRT*4050,DAGR*1600
DHRT*4150,DHRT*2090
DHRT*4150,DHRT*3120
DHRT*4190,DHRT*4290
DHRT*4200,DHRT*3170
DHRT*4290,DHRT*3180
DHRT*4300,DHRT*1050
DHRT*4320,DAGR*1200
DHRT*4320,(DAGR*1300 or DHRT*2230)
HTM*2070,HTM*1160
HTM*2070,HTM*1700
HTM*2070,HTM*2020
HTM*2070,SPMT*2020
HTM*3090,HTM*2030
HTM*3090,HTM*2700
HTM*3120,(ACCT*1220 or ACCT*2220)
HTM*3160,HTM*2020
HTM*3160,HTM*2170
HTM*3180,HROB*2090
HTM*3180,HROB*2100
HTM*3180,ACCT*2230
HTM*3780,HTM*1700
HTM*3780,HTM*2700
HTM*4060,HTM*3060
HTM*4110,HTM*3090
HTM*4250,HTM*2030
HTM*4250,HTM*3120
HTM*6720,HTM*6710
HHNS*4372,HHNS*4371
HHNS*4372,HK*4371
HHNS*4512,HHNS*4511
HHNS*4512,HK*4511
HHNS*6820,HHNS*6810
HHNS*6930,HHNS*6910
HHNS*6930,HHNS*6920
HK*2810,BIOC*2580
HK*2810,BIOL*1080
HK*3100,HK*3810
HK*3100,ZOO*3600
HK*3401,BIOM*3200
HK*3401,HK*3810
HK*3402,HK*3401
HK*3501,HK*3810
HK*3501,BIOM*3200
HK*3502,HK*3501
HK*3600,HK*2270
HK*3810,HK*2810
HK*4070,ENGG*3150
HK*4070,"(HK*2270, HK*3600)"
HK*4240,ENGG*1210
HK*4240,HK*3600
HK*4340,NUTR*3360
HK*4441,HK*3402
HK*4441,(HK*3810 or HK*3940)
HK*4442,HK*4441
HK*4460,(HK*3810 or HK*3940)
HK*4460,NUTR*4210
HK*4550,HK*3810
HK*4550,HK*3940
HK*4600,HK*3600
HK*4610,ENGG*3150
HK*4610,HK*2270
HROB*2290,BUS*2220
HROB*2290,HROB*2090
HROB*3010,HROB*2100
HROB*3010,HROB*2290
HROB*3010,HROB*3000
HROB*3010,PSYC*3070
HROB*3070,HROB*2100
HROB*3070,HROB*2290
HROB*3070,HROB*3000
HROB*3070,PSYC*3070
HROB*3090,HROB*2100
HROB*3090,HROB*2290
HROB*3090,HROB*3000
HROB*3090,PSYC*3070
IES*1020,IES*1010
IES*2010,IES*1020
IES*3020,ANTH*2660
IES*3020,HIST*2090
IES*4010,IES*4000
IES*4020,IES*4000
INDG*1110,INDG*1100
INDG*4000,GEOG*3210
INDG*4000,INDG*1000
INDG*4000,POLS*3340
INDG*4000,SOC*2280
IBIO*4100,IBIO*3100
IBIO*4510,IBIO*4500
IBIO*4522,IBIO*4521
IBIO*4600,BIOL*3450
IBIO*4600,(STAT*2040 or STAT*2230)
IBIO*4600,(ZOO*3210 or ZOO*3610)
IPS*1500,PHYS*1020
IPS*1500,PHYS*1300
IPS*1510,IPS*1500
ISS*3420,SOAN*2112
ISS*3420,POLS*2000
UNIV*1260,UNIV*1250
UNIV*2250,UNIV*1250
UNIV*2250,UNIV*1260
UNIV*2260,UNIV*2250
UNIV*6090,UNIV*6080
IDEV*1100,IDEV*1000
IDEV*4150,IDEV*4100
ITAL*1070,ITAL*1060
ITAL*2090,ITAL*1070
ITAL*3060,ITAL*2090
ITAL*3400,ITAL*3060
ITAL*4900,ITAL*3060
ITAL*4900,ITAL*3400
JLS*4900,JLS*4800
JUST*1010,AHSS*1150
JUST*1020,AHSS*1150
JUST*1040,JUST*1000
JUST*2020,AHSS*1150
JUST*2020,JUST*1010
JUST*2030,AHSS*1160
JUST*2050,JUST*1030
JUST*2060,JUST*1040
JUST*2070,JUST*2060
JUST*2080,AHSS*1160
JUST*2110,AHSS*1110
JUST*2110,PSYC*1110
JUST*3030,AHSS*1150
JUST*3030,JUST*1010
JUST*4010,AHSS*3060
JUST*4010,SCMA*2040
JUST*4010,SCMA*3040
JUST*4060,AHSS*3060
JUST*4060,JUST*2080
KIN*1040,KIN*1030
KIN*1230,AHSS*1310
KIN*1510,KIN*1010
KIN*2010,AHSS*1310
KIN*2010,KIN*1010
KIN*2020,KIN*2060
KIN*2020,KIN*2070
KIN*2060,KIN*1060
KIN*2070,KIN*1070
KIN*2070,SCMA*1080
KIN*2100,KIN*1010
KIN*2100,KIN*1040
KIN*2100,KIN*1060
KIN*2200,KIN*1040
KIN*2200,KIN*1060
KIN*2210,KIN*2060
KIN*2210,KIN*2200
KIN*3010,KIN*2060
LARC*2020,LARC*1100
LARC*2100,LARC*2020
LARC*2230,LARC*1100
LARC*2240,LARC*2230
LARC*2410,LARC*2020
LARC*2410,LARC*2420
LARC*2420,LARC*1100
LARC*3040,LARC*2020
LARC*3050,LARC*3040
LARC*3060,LARC*3050
LARC*3070,LARC*3060
LARC*3320,LARC*2100
LARC*3320,LARC*2240
LARC*3430,LARC*2410
LARC*3440,LARC*3430
LARC*3500,LARC*3040
LARC*4090,LARC*3070
LARC*4510,LARC*3060
LARC*4610,LARC*3050
LARC*4620,LARC*3060
LARC*4620,LARC*3440
LARC*4620,LARC*4610
LARC*4710,LARC*3070
LARC*4710,LARC*4510
LARC*4730,LARC*3040
LARC*4740,LARC*3040
LAT*4100,CLAS*3120
LAT*4100,CLAS*3300
LAT*4150,CLAS*3060
LAT*4150,CLAS*3120
LEAD*6740,LEAD*6800
LEAD*6900,LEAD*6400
LING*2400,LING*1000
LING*2500,LING*1000
LING*3010,LING*1000
LING*3020,LING*1000
MGMT*1200,MGMT*1000
MGMT*2190,HROB*2090
MGMT*2260,MGMT*1000
MGMT*2260,MGMT*2150
MGMT*2500,MGMT*1000
MGMT*2500,MGMT*2150
MGMT*3320,ACCT*2230
MGMT*3320,HTM*3070
MGMT*4000,MGMT*3320
MGMT*4100,MGMT*3140
MGMT*4100,MGMT*3200
MGMT*4120,MGMT*3020
MGMT*4140,ECON*3740
MGMT*4140,MGMT*3140
MGMT*4140,(CIS*1300 or CIS*1500)
MGMT*4200,HROB*3100
MGMT*4200,MGMT*3200
MGMT*4300,HROB*2010
MGMT*4300,HROB*3100
MGMT*4300,MGMT*3300
MCS*2030,MCS*1000
MCS*2030,(MGMT*1000 or MGMT*2150)
MCS*2600,MCS*1000
MCS*3030,MCS*2030
MCS*3030,PSYC*1010
MCS*3030,STAT*2060
MCS*6010,MCS*6000
MATH*1090,MATH*1080
MATH*1090,MATH*1200
MATH*1210,MATH*1080
MATH*1210,MATH*1200
MATH*2000,MATH*1080
MATH*2000,MATH*1160
MATH*2000,MATH*1200
MATH*2200,MATH*1090
MATH*2200,MATH*1210
MATH*2200,MATH*2080
MATH*2210,MATH*2200
MATH*2270,(ENGG*1500 or MATH*1160)
MATH*3100,MATH*2270
MATH*3100,(ENGG*1500 or MATH*1160)
MATH*3130,MATH*1160
MATH*3130,MATH*2000
MATH*3200,MATH*2000
MATH*3200,(MATH*1160 or MATH*2160)
MATH*3260,MATH*2200
MATH*3510,MATH*2270
MATH*3510,(ENGG*1500 or MATH*1160)
MATH*4050,MATH*3200
MATH*4060,MATH*3200
MATH*4150,MATH*3200
MATH*4200,MATH*3200
MATH*4270,MATH*2200
MATH*4270,MATH*3100
MDST*1000,MDST*1020
MDST*1000,MDST*1100
MDST*1070,MDST*1300
MDST*2050,MDST*2000
MDST*2050,MDST*2030
MDST*2090,AHSS*1080
MDST*2090,MDST*1020
MDST*2110,(AHSS*1210 or MDST*1040)
MDST*2110,(MDST*1050 or MDST*2080)
MDST*2110,"[(MDST*1100, MDST*1200) or MDST*1080]"
MDST*2120,AHSS*1080
MDST*2120,MDST*1020
MDST*2120,MDST*1100
MDST*3000,MDST*2000
MDST*3000,MDST*2030
MDST*3000,MDST*3330
MDST*3020,MDST*2000
MDST*3020,MDST*2030
MDST*3020,MDST*3180
MDST*3110,MDST*2210
MDST*3110,MDST*2510
MICR*2430,MICR*2420
MICR*3090,BOT*2100
MICR*3090,MICR*2430
MICR*3220,BIOL*1070
MICR*3220,BIOL*1090
MICR*3230,BIOL*1090
MICR*3230,BIOC*2580
MICR*3240,BIOC*3560
MICR*3240,MBG*2040
MICR*3240,MICR*2420
MICR*3330,MCB*2050
MICR*3420,BIOC*3560
MICR*3420,MBG*2040
MICR*3420,MICR*2430
MICR*3430,MICR*2430
MICR*3430,(MBG*3080 or MICR*3240)
MICR*4010,MCB*2050
MICR*4010,(MBG*3080 or MICR*3240)
MICR*4250,MICR*2420
MICR*4250,MICR*3230
MICR*4330,MICR*3330
MICR*4430,MICR*3330
MICR*4540,BIOC*3560
MICR*4540,MBG*2040
MICR*4540,MICR*2420
MCB*2050,BIOC*2580
MCB*2050,MBG*2040
MCB*3010,MCB*2050
MCB*4010,MCB*3010
MBG*2400,(BIOL*1050 or BIOL*1070)
MBG*2400,BIOL*1090
MBG*3040,MCB*2050
MBG*3050,MCB*2050
MBG*3100,(MBG*2040 or MBG*2400 )
MBG*3100,STAT*2040
MBG*3350,BIOC*2580
MBG*3350,MCB*2050
MBG*3660,MCB*2050
MBG*4020,MBG*3060
MBG*4030,MBG*3060
MBG*4040,MBG*3040
MBG*4110,MBG*3040
MBG*4160,(MBG*2040 or MBG*2400)
MBG*4160,STAT*2040
MBG*4240,MBG*3040
MBG*4300,MBG*2040
MBG*4300,MBG*2400
MUSC*1170,MUSC*1160
MUSC*1170,MUSC*1180
MUSC*1420,MUSC*1410
MUSC*1720,MUSC*1710
MUSC*1820,MUSC*1810
MUSC*1920,MUSC*1910
MUSC*2340,MUSC*1340
MUSC*2410,MUSC*1170
MUSC*2410,MUSC*2180
MUSC*2430,MUSC*1170
MUSC*2440,MUSC*2430
MUSC*2580,MUSC*2570
MUSC*2710,MUSC*1720
MUSC*2720,MUSC*2710
NANO*2000,CHEM*1050
NANO*2000,"[IPS*1510 or ( MATH*1210, PHYS*1010)]"
NANO*2100,NANO*2000
NANO*3200,NANO*2100
NANO*3300,NANO*2100
NANO*3300,(CHEM*3860 or PHYS*3230)
NANO*3500,NANO*2100
NANO*3600,(MATH*1160 or MATH*2160)
NANO*3600,(MATH*2170 or MATH*2270)
NANO*3600,(CHEM*3860 or PHYS*3230)
NANO*3800,CHEM*2070
NANO*3800,PHYS*3230
NANO*4100,MATH*2270
NANO*4100,(CHEM*2820 or PHYS*2240)
NANO*4200,NANO*3300
NANO*4200,NANO*3500
NANO*4200,(CHEM*3860 or PHYS*3230)
NANO*4700,MATH*1160
NANO*4700,(CHEM*3860 or PHYS*3230)
NANO*4920,NANO*4910
NEUR*2100,NEUR*2000
NEUR*3100,MCB*2050
NEUR*3500,MCB*2050
NEUR*3500,PSYC*3270
NEUR*4100,BIOM*3090
NEUR*4100,(NEUR*2000 or PSYC*2410)
NEUR*4402,NEUR*4401
NEUR*4422,NEUR*4421
NUTR*2050,NUTR*1010
NUTR*2150,(BIOL*1040 or BIOL*1080)
NUTR*2150,CHEM*1040
NUTR*3070,FRHD*3070
NUTR*3070,NUTR*2050
NUTR*3090,BIOM*3200
NUTR*3090,FRHD*3070
NUTR*3090,NUTR*2050
NUTR*3090,(NUTR*3190 or NUTR*3210)
NUTR*3090,STAT*2080
NUTR*3150,NUTR*2150
NUTR*3150,NUTR*3210
NUTR*3210,BIOC*2580
NUTR*3330,NUTR*3210
NUTR*3360,BIOC*2580
NUTR*3360,BIOL*1080
NUTR*3360,MBG*2040
NUTR*3390,NUTR*3210
NUTR*3500,FRHD*3070
NUTR*3500,STAT*2090
NUTR*4070,FRHD*3400
NUTR*4070,NUTR*2050
NUTR*4090,NUTR*3210
NUTR*4120,NUTR*4010
NUTR*4120,NUTR*4040
NUTR*4210,NUTR*3210
NUTR*4320,NUTR*3210
NUTR*4330,NUTR*3330
NUTR*4330,NUTR*3390
NUTR*4330,HK*3810
NUTR*4360,NUTR*3210
NUTR*4360,(BIOM*3200 or HK*3810)
NUTR*4510,NUTR*3210
NUTR*4810,FRHD*3070
NUTR*4810,NUTR*2050
NUTR*4810,NUTR*3090
NUTR*4850,FRHD*3400
NUTR*4850,NUTR*3090
NUTR*4850,NUTR*4070
NUTR*4900,FRHD*3070
NUTR*4900,NUTR*3090
NUTR*4900,NUTR*4010
NUTR*4910,NUTR*4810
ONEH*2000,ONEH*1000
ONEH*6100,ONEH*6000
ONEH*6200,ONEH*6000
OAGR*4050,OAGR*2070
PABI*6040,PABI*6030
PABI*6041,PABI*6030 and PABI*6040
PABI*6060,PABI*6050
PABI*6070,PABI*6050 and PABI*6060
PABI*6090,PABI*6080
PABI*6091,PABI*6080
PABI*6091,PABI*6090
PABI*6350,STAT*2040
PABI*6440,PABI*6430
PABI*6450,PABI*6430
PABI*6640,PABI*6630
PABI*6650,PABI*6630 and PABI*6640
PATH*4100,PATH*3610
CPHH*2000,CPHH*1000
CPHH*2010,CPHH*1010
CPHH*2030,CPHH*1030
PHYS*1510,(MATH*1080 or MATH*1200)
PHYS*2180,PHYS*2020
PHYS*2180,PHYS*2330
PHYS*2240,(IPS*1500 or PHYS*1080)
PHYS*2310,MATH*2270
PHYS*2330,IPS*1510
PHYS*2340,PHYS*2330
PHYS*2600,IPS*1500
PHYS*3000,PHYS*2340
PHYS*3000,PHYS*3130
PHYS*3080,IPS*1500
PHYS*3130,MATH*2200
PHYS*3130,MATH*2270
PHYS*3130,PHYS*2310
PHYS*3130,PHYS*2340
PHYS*3170,(MATH*2170 or MATH*2270)
PHYS*3230,MATH*2270
PHYS*3230,PHYS*2330
PHYS*3400,(MATH*2170 or MATH*2270)
PHYS*3400,(PHYS*2310 or PHYS*2440)
PHYS*3510,PHYS*2180
PHYS*3510,"(NANO*2100, PHYS*2310)"
PHYS*4001,PHYS*3510
PHYS*4002,PHYS*4001
PHYS*4040,PHYS*3230
PHYS*4070,PHYS*3170
PHYS*4120,PHYS*4040
PLNT*6010,PBIO*3110
PLNT*6080,ENVS*3210
PLNT*6080,PBIO*4070
PLNT*6320,BIOC*2580
PLNT*6500,MBG*2040 and STAT*2040
PLNT*6500,STAT*2230
PBIO*3110,BIOL*1070
PBIO*3110,BIOL*1090
PBIO*3120,BIOL*1050
PBIO*3120,BOT*2100
PBIO*3750,AGR*2470
PBIO*3750,BOT*2100
PBIO*4000,MICR*2030
PBIO*4000,"(BIOL*1070, BIOL*1090, MBG*2040)"
PBIO*4070,ENVS*3210
PBIO*4070,MICR*3090
PBIO*4070,MICR*3220
PBIO*4150,(AGR*2470 or BOT*2100)
PBIO*4150,(MBG*2040 or MBG*2400)
PBIO*4530,CHEM*1040
PBIO*4750,(AGR*2470 or BOT*2100)
PBIO*4750,(MBG*2040 or MBG*2400)
POLS*3000,POLS*2080
POLS*3000,POLS*2100
POLS*3020,POLS*2200
POLS*3020,POLS*2350
POLS*3050,POLS*1400
POLS*3050,POLS*2300
POLS*3060,POLS*2080
POLS*3060,POLS*2100
POLS*3080,POLS*2080
POLS*3080,POLS*2100
POLS*3130,POLS*2300
POLS*3130,POLS*2350
POLS*3140,POLS*2300
POLS*3140,POLS*2350
POLS*3160,POLS*2080
POLS*3160,POLS*2100
POLS*3210,HIST*2600
POLS*3210,POLS*2300
POLS*3230,POLS*2000
POLS*3230,PHIL*2280
POLS*3250,POLS*2230
POLS*3250,POLS*2250
POLS*3300,POLS*2250
POLS*3300,POLS*2300
POLS*3320,IDEV*2400
POLS*3320,POLS*2080
POLS*3340,HIST*2090
POLS*3340,HIST*2600
POLS*3340,INDG*1000
POLS*3340,POLS*2230
POLS*3340,POLS*2300
POLS*3350,POLS*2100
POLS*3350,POLS*2350
POLS*3360,POLS*2100
POLS*3360,POLS*2200
POPM*3240,(BIOL*1080 or BIOL*1090)
POPM*4040,POPM*3240
POPM*4230,ANSC*3080
POPM*4230,"(ONEH*2000, POPM*3240)"
POPM*6290,POPM*6210
POPM*6520,POPM*6200
POPM*6560,POPM*6200
POPM*6560,POPM*6510
POPM*6560,POPM*6520
POPM*6560,POPM*6530
POPM*6560,POPM*6540
POPM*6570,POPM*6560
POPM*6590,POPM*6560
POPM*6600,POPM*6560
POPM*6800,POPM*6200
POPM*6960,POPM*6200 and POPM*6520
PORT*1110,PORT*1100
PSYC*1010,PSYC*1000
PSYC*1130,AHSS*1110
PSYC*1130,PSYC*1110
PSYC*1500,PSYC*1000
PSYC*2020,PSYC*1000
PSYC*2090,PSYC*1110
PSYC*2090,"(AHSS*1110, AHSS*1120)"
PSYC*2120,PSYC*1110
PSYC*2120,"(AHSS*1110, AHSS*1120)"
PSYC*2130,PSYC*1110
PSYC*2130,"(AHSS*1110, AHSS*1120)"
PSYC*2150,PSYC*1110
PSYC*2150,"(AHSS*1110, AHSS*1120)"
PSYC*2160,PSYC*1110
PSYC*2160,"(AHSS*1110, AHSS*1120)"
PSYC*2190,PSYC*1130
PSYC*2200,PSYC*1110
PSYC*2200,"(AHSS*1110, AHSS*1120)"
PSYC*2210,PSYC*1110
PSYC*2210,"(AHSS*1110, AHSS*1120)"
PSYC*2220,PSYC*2200
PSYC*2310,PSYC*1000
PSYC*2330,PSYC*1000
PSYC*2360,PSYC*1000
PSYC*2390,PSYC*1000
PSYC*2410,PSYC*1000
PSYC*2450,PSYC*1000
REAL*3810,REAL*1820
REAL*3810,(ECON*2740 or STAT*2060)
REAL*3890,REAL*1820
REAL*3890,(ACCT*2230 or REAL*2820)
RPD*6280,RPD*6250
RST*6010,RST*6000
RST*6110,RST*6100
SCMA*2060,SCMA*1000
SCMA*2080,SCMA*1500
SCMA*3040,SCMA*2040
SCMA*3080,SCMA*1500
SCMA*3080,SCMA*2110
SCMA*3100,KIN*1040
SCMA*3100,SCMA*2080
XSEN*3030,BIOC*2580
XSEN*3030,CHEM*2400
XSEN*3040,CHEM*2700
XSEN*3060,BIOC*2580
XSEN*3060,CHEM*2400
XSEN*3070,CHEM*3750
XSEN*3090,BIOC*2580
XSEN*3090,CHEM*2700
XSEN*3200,CHEM*3750
XSEN*3210,CHEM*2700
SXGN*2000,SXGN*1000
SXGN*2000,SXGN*1010
SXGN*2010,SXGN*1000
SXGN*2010,SXGN*1010
SXGN*3000,SXGN*2000
SXGN*3000,SXGN*2010
SXGN*3010,SXGN*2000
SXGN*3010,SXGN*2010
SXGN*4000,SXGN*3000
SXGN*4000,SXGN*3010
SOPR*6100,SOPR*6000
SOC*2010,SOC*1100
SOC*2070,SOC*1100
SOC*2070,SOC*1500
SOC*2080,IDEV*1000
SOC*2080,GEOG*1220
SOC*2080,SOC*1100
SOC*2280,GEOG*1220
SOC*2280,IDEV*1000
SOC*2280,INDG*1000
SOC*2280,SOC*1100
SOC*2390,SOC*1100
SOC*2700,SOC*1500
SOC*2760,FRHD*1010
SOC*2760,PHIL*1010
SOC*2760,POLS*1400
SOC*2760,PSYC*1000
SOC*2760,PSYC*1100
SOC*2760,PSYC*1200
SOC*2760,SOC*1100
SOC*2760,SOC*1500
SOC*3130,SOAN*2112
SOC*3130,SOAN*2120
SOC*3310,SOAN*2112
SOC*3310,SOAN*2120
SOC*3410,SOAN*2112
SOC*3410,SOAN*2120
SOC*3490,(SOAN*2112 or SOC*2700)
SOC*3490,(POLS*2650 or SOAN*2120)
SOC*3710,(SOAN*2112 or SOC*2700)
SOC*3710,SOAN*2120
SOC*3730,(SOAN*2112 or SOC*2700)
SOC*3730,SOAN*2120
SOC*3740,(SOAN*2112 or SOC*2700)
SOC*3740,SOAN*2120
SOC*3750,(SOAN*2112 or SOC*2700)
SOC*3750,SOAN*2120
SOAN*2111,SOC*1100
SOAN*2111,SOC*1500
SOAN*2112,SOAN*2111
SOAN*2120,IDEV*1000
SOAN*2120,SOC*1100
SOAN*2120,SOC*1500
SOAN*2290,ANTH*1150
SOAN*2290,SOC*1100
SOAN*2400,IDEV*1000
SOAN*2400,SOC*1100
SOAN*3040,ANTH*2180
SOAN*3040,SOAN*2112
SOAN*3070,ONEH*2000
SOAN*3070,SOAN*2120
SOAN*3100,(POLS*2650 or SOAN*2120)
SOAN*3120,SOAN*2120
SOAN*3130,ANTH*2180
SOAN*3130,GEOG*2030
SOAN*3130,IDEV*2000
SOAN*3130,IDEV*2300
SOAN*3130,SOAN*2112
SOAN*3240,ANTH*2180
SOAN*3240,IDEV*2000
SOAN*3240,IDEV*2300
SOAN*3240,SOC*2080
SOAN*3250,ANTH*2180
SOAN*3250,IDEV*2000
SOAN*3250,SOC*2080
SOAN*3380,GEOG*2210
SOAN*3380,IDEV*2000
SOAN*3380,SOC*2280
SOAN*3680,ANTH*2180
SOAN*3680,IDEV*2000
SOAN*3680,IDEV*2300
SOAN*3680,SOC*2080
SPAN*1110,SPAN*1100
SPAN*2010,SPAN*2000
SPAN*2040,HISP*1110
SPAN*2040,SPAN*1110
SPAN*2990,HISP*1110
SPAN*2990,SPAN*1110
SPAN*3080,HISP*2000
SPAN*3080,SPAN*2000
SPAN*3210,SPAN*3220
SPAN*3210,SPAN*3230
SPAN*3220,HISP*2990
SPAN*3220,SPAN*2990
SPAN*3230,HISP*2990
SPAN*3230,SPAN*2990
SPAN*3240,HISP*1110
SPAN*3240,SPAN*1110
SPAN*3500,HISP*2010
SPAN*3500,SPAN*2010
SPAN*4100,(HISP*4410 or SPAN*4410)
SPAN*4100,(HISP*4420 or SPAN*4420)
SPAN*4410,HISP*2990
SPAN*4410,SPAN*2990
SPAN*4420,HISP*2990
SPAN*4420,SPAN*2990
SPAN*4500,HISP*3500
SPAN*4500,SPAN*3500
SPAN*4840,SPAN*3220
SPAN*4840,SPAN*3230
SPMT*2120,SPMT*2020
SPMT*2220,MCS*1000
SPMT*2220,(HTM*2020 or SPMT*2020)
SPMT*3020,(HTM*2020 or SPMT*2020)
SPMT*3020,(ECON*2560 or FIN*2000)
SPMT*4140,MGMT*3140
SPMT*4140,SPMT*2020
STAT*2040,MATH*1080
STAT*2050,STAT*2060
STAT*2050,STAT*2120
STAT*2050,STAT*2230
STAT*2090,STAT*2080
STAT*2120,MATH*1090
STAT*2120,MATH*1210
STAT*2120,MATH*2080
STAT*2230,BIOL*1070
STAT*3100,(STAT*2040 or STAT*2120)
STAT*3110,STAT*3100
STAT*3210,STAT*2050
STAT*3240,MATH*1160
STAT*3240,STAT*2050
STAT*3510,STAT*2050
STAT*4000,STAT*2050
STAT*4000,STAT*3110
STAT*4050,STAT*3110
STAT*4050,STAT*3240
STAT*4060,STAT*3110
STAT*4060,STAT*3240
STAT*4150,STAT*3110
STAT*4150,STAT*3240
STAT*4340,STAT*3110
STAT*4340,STAT*3240
STAT*4350,MATH*1160
STAT*4350,STAT*3110
STAT*4350,STAT*3240
STAT*4360,STAT*3240
SART*2090,SART*1050
SART*2090,SART*1060
SART*2200,SART*1050
SART*2200,SART*1060
SART*2300,SART*1050
SART*2300,SART*1060
SART*2460,SART*1050
SART*2460,SART*1060
SART*2610,SART*1050
SART*2610,SART*1060
SART*2700,SART*1050
SART*2700,SART*1060
SART*2710,SART*2700
SART*2800,SART*1050
SART*2800,SART*1060
SART*3090,SART*2090
SART*3200,SART*2200
SART*3300,SART*2300
SART*3470,SART*2460
SART*3470,SART*2610
SART*3480,SART*2710
SART*3600,SART*2460
SART*3600,SART*2610
SART*3660,SART*2460
SART*3750,SART*2610
SART*3770,SART*2800
SART*3990,SART*1050
SART*3990,SART*1060
SART*4090,SART*3090
SART*4200,SART*3200
SART*4250,SART*3090
SART*4250,SART*3200
SART*4260,SART*3090
SART*4260,SART*3200
SART*4300,SART*3300
THST*1190,THST*1040
THST*2040,THST*1190
THST*2050,THST*1190
THST*2120,THST*1040
THST*2190,THST*1190
THST*2270,THST*1270
THST*3500,THST*2050
THST*3500,THST*2190
THST*4190,THST*3190
THST*4290,THST*4270
TRMH*6080,TRMH*6290
TRMH*6200,TRMH*6100
TRMH*6310,MCS*6050
TRMH*6310,SOC*6130
TRMH*6310,PSYC*6060
TRMH*6400,TRMH*6100
TRMH*6400,TRMH*6200
TRMH*6400,TRMH*6310
TRMH*6400,MCS*6050
TRMH*6400,SOC*6130
TRMH*6400,MCS*6080
TRMH*6400,FRAN*6020
TRMH*6400,SOC*6140
TOX*2000,CHEM*1050
TOX*3360,CHEM*1050
TOX*4000,BIOM*3090
TOX*4200,CHEM*3430
TOX*4200,TOX*2000
TOX*4590,BIOC*3560
TOX*4590,(BIOC*3570 or CHEM*3430)
TOX*4900,CHEM*3430
TOX*4910,TOX*4900
DTM*1500,DTM*1000
DTM*2000,DTM*1100
DTM*2000,DTM*1300
DTM*2010,DTM*1010
DTM*2100,DTM*1300
DTM*2200,DTM*1000
DTM*2400,DTM*1010
DTM*2400,DTM*1400
DTM*2600,DTM*1000
DTM*2600,DTM*1300
DTM*3000,DTM*2000
DTM*3000,DTM*2100
DTM*3200,DTM*1100
DTM*3300,DTM*1100
DTM*3400,DTM*2400
DTM*4000,DTM*3000
DTM*4000,DTM*3200
DTM*4000,DTM*3300
DTM*4200,DTM*2400
DTM*4200,DTM*3400
DTM*4300,DTM*3000
DTM*4300,DTM*3200
DTM*4300,DTM*3300
DTM*4400,DTM*1500
DTM*4500,DTM*3000
DTM*4600,DTM*2200
DTM*4600,DTM*2400
DTM*4600,(DTM*1400 or DTM*2010)
CVOA*2200,CVOA*1200
DVT*2040,DVT*1040
DVT*2050,DVT*2120
DVT*2070,DVT*1160
DVT*2100,DVT*1060
DVT*2100,DVT*2040
DVT*2120,DVT*1120
DVT*2210,DVT*1010
DVT*2210,(DVT*2070 or DVT*1350)
DVT*2210,(DVT*1060 or DVT*2040)
DVT*2220,DVT*1010
DVT*2220,DVT*2070
DVT*2220,DVT*2100
DVT*2300,DVT*1010
DVT*2310,DVT*2100
DVT*2320,DVT*2210
DVT*2320,DVT*2330
DVT*2320,(DVT*2310 or DVT*3010)
DVT*2330,DVT*1060
DVT*2330,DVT*2040
DVT*2340,DVT*2220
DVT*3010,DVT*2040
DVT*3030,DVT*2040
DVT*3030,DVT*2070
DVT*3030,DVT*2300
DVT*3070,DVT*2340
DVT*3070,DVT*3030
DVT*3210,DVT*2310
ZOO*3000,ZOO*2090
ZOO*3050,MBG*2040
ZOO*3600,BIOC*2580
ZOO*3600,ZOO*2090
ZOO*3610,STAT*2040
ZOO*3610,STAT*2230
ZOO*3620,ZOO*3600
ZOO*3630,ZOO*3610
ZOO*3700,ZOO*2700
ZOO*4070,BIOL*2400
ZOO*4070,(STAT*2040 or STAT*2230)
ZOO*4170,HK*2810
ZOO*4170,ZOO*3210
ZOO*4170,ZOO*3600
ZOO*4300,BIOL*3450
ZOO*4300,ZOO*2700
ZOO*4570,BIOL*2060
ZOO*4570,BIOL*3450
ZOO*4570,PHYS*1080
ZOO*4910,BIOL*2400
ZOO*4910,ZOO*2090
